{"cameraMode":{"drawMode":0,"name":"Shaded","section":"Shading Mode"},"sceneLighting":true,"audioPlay":false,"sceneViewState":{"m_AlwaysRefresh":false,"showFog":true,"showSkybox":true,"showFlares":true,"showImageEffects":true,"showParticleSystems":true,"showVisualEffectGraphs":true,"m_FxEnabled":true},"in2DMode":false,"pivot":{"x":0.060865044593811038,"y":-0.18153446912765504,"z":0.32801276445388796},"rotation":{"x":-0.16529738903045655,"y":0.45679202675819399,"z":-0.08681225031614304,"w":-0.8697622418403626},"size":0.6026452779769898,"orthographic":false}