{"blue": [[249.43598654963594, 23.764361650188306]], "green": [[232.2440491499099, -47.009768633906305], [189.0804718051221, 14.54518566453595]], "red": [[144.93421469456493, -40.91194797540291], [148.5928861223605, 13.407325635326913]]}