{"cameraMode":{"drawMode":0,"name":"Shaded","section":"Shading Mode"},"sceneLighting":true,"audioPlay":false,"sceneViewState":{"m_AlwaysRefresh":false,"showFog":true,"showSkybox":true,"showFlares":true,"showImageEffects":true,"showParticleSystems":true,"showVisualEffectGraphs":true,"m_FxEnabled":true},"in2DMode":false,"pivot":{"x":0.06300020217895508,"y":0.23799991607666017,"z":-0.630000114440918},"rotation":{"x":0.4415016770362854,"y":0.11519059538841248,"z":-0.05727173015475273,"w":0.8879914283752441},"size":0.6487048864364624,"orthographic":false}